Datetime,Water Level (m)
2025-09-02 12:00:00,-0.0042287977
2025-09-02 13:00:00,-0.0026680178
2025-09-02 14:00:00,-0.002326127
2025-09-02 15:00:00,-0.0022357497
2025-09-02 16:00:00,-0.0023640457
2025-09-02 17:00:00,-0.0024990877
2025-09-02 18:00:00,-0.0025323422
2025-09-02 19:00:00,-0.0023959756
2025-09-02 20:00:00,-0.0023587758
2025-09-02 21:00:00,-0.0020997983
2025-09-02 22:00:00,-0.0017255028
2025-09-02 23:00:00,-0.0016752438
2025-09-03 00:00:00,0.0026644843
2025-09-03 01:00:00,0.016249208
2025-09-03 02:00:00,0.028050277
2025-09-03 03:00:00,0.038430206
2025-09-03 04:00:00,0.05454332
2025-09-03 05:00:00,0.071812026
2025-09-03 06:00:00,0.09309514
2025-09-03 07:00:00,0.12114455
2025-09-03 08:00:00,0.14817402
2025-09-03 09:00:00,0.16747014
2025-09-03 10:00:00,0.18348801
2025-09-03 11:00:00,0.19918287
2025-09-03 12:00:00,0.21500152
2025-09-03 13:00:00,0.23013404
2025-09-03 14:00:00,0.2449785
2025-09-03 15:00:00,0.2597915
2025-09-03 16:00:00,0.2744752
2025-09-03 17:00:00,0.28875235
2025-09-03 18:00:00,0.3026191
2025-09-03 19:00:00,0.31668139
2025-09-03 20:00:00,0.33124283
2025-09-03 21:00:00,0.34672573
2025-09-03 22:00:00,0.36330813
2025-09-03 23:00:00,0.3805348
2025-09-04 00:00:00,0.39831054
2025-09-04 01:00:00,0.41634324
2025-09-04 02:00:00,0.43438667
2025-09-04 03:00:00,0.45281368
2025-09-04 04:00:00,0.4716728
2025-09-04 05:00:00,0.49003652
2025-09-04 06:00:00,0.50739074
2025-09-04 07:00:00,0.5253275
2025-09-04 08:00:00,0.5444525
2025-09-04 09:00:00,0.5646118
2025-09-04 10:00:00,0.5860274
2025-09-04 11:00:00,0.60834044
2025-09-04 12:00:00,0.6324786
2025-09-04 13:00:00,0.6778186
2025-09-04 14:00:00,0.73080873
2025-09-04 15:00:00,0.7805389
2025-09-04 16:00:00,0.8362078
2025-09-04 17:00:00,0.9315579
2025-09-04 18:00:00,1.0078523
2025-09-04 19:00:00,1.0742261
2025-09-04 20:00:00,1.1348886
2025-09-04 21:00:00,1.1911786
2025-09-04 22:00:00,1.2446084
2025-09-04 23:00:00,1.2955809
2025-09-05 00:00:00,1.3438886
2025-09-05 01:00:00,1.3895476
2025-09-05 02:00:00,1.432904
2025-09-05 03:00:00,1.4741765
2025-09-05 04:00:00,1.5131012
2025-09-05 05:00:00,1.5492914
2025-09-05 06:00:00,1.5841541
2025-09-05 07:00:00,1.6179396
2025-09-05 08:00:00,1.6512382
2025-09-05 09:00:00,1.6844457
2025-09-05 10:00:00,1.7180088
2025-09-05 11:00:00,1.7520194
2025-09-05 12:00:00,1.7863628
2025-09-05 13:00:00,1.8202139
2025-09-05 14:00:00,1.8527621
2025-09-05 15:00:00,1.8840488
2025-09-05 16:00:00,1.9140416
2025-09-05 17:00:00,1.9422661
2025-09-05 18:00:00,1.9684889
2025-09-05 19:00:00,1.9930867
2025-09-05 20:00:00,2.0168583
2025-09-05 21:00:00,2.040922
2025-09-05 22:00:00,2.06589
2025-09-05 23:00:00,2.0916812
2025-09-06 00:00:00,2.1178105
2025-09-06 01:00:00,2.1437953
2025-09-06 02:00:00,2.1769922
2025-09-06 03:00:00,2.241159
2025-09-06 04:00:00,2.2946699
2025-09-06 05:00:00,2.3516815
2025-09-06 06:00:00,2.4073193
2025-09-06 07:00:00,2.4444497
2025-09-06 08:00:00,2.4751673
2025-09-06 09:00:00,2.5031676
2025-09-06 10:00:00,2.530215
2025-09-06 11:00:00,2.5563943
2025-09-06 12:00:00,2.5817044
2025-09-06 13:00:00,2.6064622
2025-09-06 14:00:00,2.6302025
2025-09-06 15:00:00,2.6527624
2025-09-06 16:00:00,2.6740975
2025-09-06 17:00:00,2.6943934
2025-09-06 18:00:00,2.7133741
2025-09-06 19:00:00,2.7308958
2025-09-06 20:00:00,2.7470543
2025-09-06 21:00:00,2.762884
2025-09-06 22:00:00,2.7793007
2025-09-06 23:00:00,2.7964835
2025-09-07 00:00:00,2.8141181
2025-09-07 01:00:00,2.8316374
2025-09-07 02:00:00,2.8485427
2025-09-07 03:00:00,2.8647985
2025-09-07 04:00:00,2.8803558
2025-09-07 05:00:00,2.8951757
2025-09-07 06:00:00,2.9090471
2025-09-07 07:00:00,2.921758
2025-09-07 08:00:00,2.9330604
2025-09-07 09:00:00,2.9439745
2025-09-07 10:00:00,2.9560204
2025-09-07 11:00:00,2.95648
2025-09-07 12:00:00,2.954018
2025-09-07 13:00:00,2.9560916
2025-09-07 14:00:00,2.9583406
2025-09-07 15:00:00,2.961265
2025-09-07 16:00:00,2.9648876
2025-09-07 17:00:00,2.96852
2025-09-07 18:00:00,2.9718387
2025-09-07 19:00:00,2.9746647
2025-09-07 20:00:00,2.9770496
2025-09-07 21:00:00,2.9795976
2025-09-07 22:00:00,2.983175
2025-09-07 23:00:00,2.9881887
2025-09-08 00:00:00,2.9946795
2025-09-08 01:00:00,3.002067
2025-09-08 02:00:00,3.0097637
2025-09-08 03:00:00,3.01772
2025-09-08 04:00:00,3.02531
2025-09-08 05:00:00,3.0322218
2025-09-08 06:00:00,3.0384183
2025-09-08 07:00:00,3.0436964
2025-09-08 08:00:00,3.0475504
2025-09-08 09:00:00,3.051193
2025-09-08 10:00:00,3.0559392
2025-09-08 11:00:00,3.0624468
2025-09-08 12:00:00,3.0706453
